id,pop
70,M. peelii
71,M. peelii
72,M. peelii
73,M. peelii
74,M. peelii
75,M. peelii
76,M. peelii
77,M. peelii
78,M. peelii
79,M. peelii
80,M. peelii
81,M. peelii
82,M. peelii
83,M. peelii
84,M. peelii
85,M. peelii
86,M. peelii
87,M. peelii
88,M. peelii
89,M. peelii
90,M. peelii
91,M. peelii
92,M. peelii
93,M. peelii
94,M. peelii
95,M. peelii
96,M. peelii
97,M. peelii
98,M. peelii
99,M. peelii
100,M. peelii
101,M. peelii
102,F2 hybrid
103,M. peelii
104,M. peelii
105,M. peelii
106,F2BX hybrid
107,M. peelii
108,M. peelii
109,M. peelii
110,M. peelii
111,M. peelii
112,M. peelii
113,M. peelii
114,M. peelii
115,M. peelii
116,M. peelii
117,M. peelii
118,M. peelii
119,M. peelii
120,M. peelii
121,M. peelii
122,M. peelii
123,M. peelii
124,M. peelii
125,M. peelii
126,M. peelii
127,M. peelii
128,M. peelii
129,M. peelii
130,M. peelii
131,M. peelii
132,M. peelii
133,M. peelii
134,M. peelii
135,M. peelii
136,M. peelii
137,M. peelii
138,M. peelii
139,M. peelii
140,M. peelii
141,F2 hybrid
142,M. peelii
143,M. peelii
145,F2 hybrid
146,M. peelii
147,M. peelii
148,M. peelii
149,M. peelii
150,M. peelii
151,M. peelii
152,M. peelii
153,M. peelii
154,M. peelii
155,M. peelii
156,M. peelii
157,M. peelii
158,M. peelii
159,M. peelii
160,M. peelii
161,M. peelii
162,M. peelii
163,M. peelii
164,M. peelii
165,M. peelii
166,M. peelii
167,M. peelii
168,M. peelii
169,M. peelii
170,M. peelii
171,M. peelii
172,M. peelii
173,M. peelii
174,M. peelii
175,M. peelii
176,M. peelii
177,M. peelii
178,F1 hybrid
179,M. peelii
181,M. peelii
182,M. peelii
183,M. peelii
184,M. peelii
185,M. peelii
186,M. peelii
187,M. peelii
188,M. peelii
189,M. peelii
190,M. peelii
191,M. peelii
192,M. peelii
193,M. peelii
194,M. peelii
195,M. peelii
196,M. peelii
197,M. peelii
198,M. peelii
199,M. peelii
200,M. peelii
201,M. peelii
202,M. peelii
203,M. peelii
204,M. peelii
205,M. peelii
206,M. peelii
207,M. peelii
208,M. peelii
209,M. peelii
210,M. peelii
211,M. peelii
212,M. peelii
213,M. peelii
214,M. peelii
215,M. peelii
216,M. peelii
217,M. peelii
218,M. peelii
219,M. peelii
220,M. peelii
222,M. peelii
223,M. peelii
224,M. peelii
225,M. peelii
226,M. peelii
227,M. peelii
228,M. peelii
229,M. peelii
230,M. peelii
231,M. peelii
232,M. peelii
233,M. peelii
234,M. peelii
235,M. peelii
236,M. peelii
237,M. peelii
238,M. peelii
239,M. peelii
240,M. peelii
241,M. peelii
242,M. peelii
244,M. peelii
245,M. peelii
246,M. peelii
247,M. peelii
250,M. peelii
254,M. peelii
255,M. peelii
256,M. peelii
257,M. peelii
258,M. peelii
259,M. peelii
260,M. peelii
261,M. peelii
262,F1 hybrid
263,M. peelii
264,M. peelii
265,M. peelii
266,M. peelii
267,M. peelii
268,M. peelii
269,F2 hybrid
270,M. peelii
271,M. peelii
272,M. peelii
273,M. peelii
274,M. peelii
275,M. peelii
276,M. peelii
277,M. peelii
278,M. peelii
279,M. peelii
280,M. peelii
282,M. peelii
283,M. peelii
284,M. peelii
290,M. peelii
292,M. peelii
293,M. peelii
296,M. peelii
297,M. peelii
298,M. peelii
300,M. peelii
302,F1 hybrid
303,M. peelii
304,M. peelii
314,M. peelii
315,M. peelii
317,M. peelii
319,M. peelii
320,M. peelii
321,M. peelii
322,M. peelii
323,M. peelii
324,M. peelii
327,M. peelii
329,M. peelii
330,M. peelii
332,M. peelii
333,M. peelii
335,M. peelii
337,M. peelii
339,M. peelii
341,M. peelii
342,M. peelii
348,M. peelii
349,M. peelii
351,M. peelii
357,M. peelii
365,M. peelii
366,M. peelii
367,M. peelii
368,M. peelii
369,M. peelii
370,M. peelii
371,M. peelii
372,M. peelii
373,M. peelii
374,M. peelii
375,M. peelii
376,M. peelii
377,M. peelii
A21,M. peelii
A22,M. peelii
A23,M. peelii
A24,M. peelii
A26,M. peelii
A28,M. peelii
A29,M. peelii
A30,M. peelii
A31,M. peelii
A33,M. peelii
A34,M. peelii
A35,M. peelii
A36,M. peelii
A37,M. peelii
A38,M. peelii
A39,M. peelii
A40,M. peelii
A41,M. peelii
A42,M. peelii
A43,M. peelii
A44,M. peelii
A45,M. peelii
A46,M. peelii
A47,M. peelii
A48,M. peelii
Bendora20130408,M. macquariensis
Narranderah,M. macquariensis
